{
  "0": {
    "success_rate": 1.0,
    "xyz_error": 0.2092597880284897,
    "z_error": 0.03514912844918281
  }
}